<TextureAtlas imagePath="roundOutline.png">
	<SubTexture name="bear.png" x="277" y="0" width="162" height="140"/>
	<SubTexture name="buffalo.png" x="0" y="349" width="191" height="160"/>
	<SubTexture name="chick.png" x="647" y="464" width="137" height="136"/>
	<SubTexture name="chicken.png" x="775" y="600" width="136" height="153"/>
	<SubTexture name="cow.png" x="353" y="340" width="153" height="136"/>
	<SubTexture name="crocodile.png" x="638" y="784" width="137" height="136"/>
	<SubTexture name="dog.png" x="643" y="299" width="137" height="165"/>
	<SubTexture name="duck.png" x="640" y="163" width="137" height="136"/>
	<SubTexture name="elephant.png" x="0" y="509" width="191" height="162"/>
	<SubTexture name="frog.png" x="502" y="163" width="138" height="152"/>
	<SubTexture name="giraffe.png" x="192" y="170" width="162" height="170"/>
	<SubTexture name="goat.png" x="0" y="170" width="192" height="179"/>
	<SubTexture name="gorilla.png" x="638" y="648" width="137" height="136"/>
	<SubTexture name="hippo.png" x="191" y="485" width="162" height="136"/>
	<SubTexture name="horse.png" x="506" y="315" width="137" height="149"/>
	<SubTexture name="monkey.png" x="0" y="671" width="182" height="136"/>
	<SubTexture name="moose.png" x="0" y="0" width="277" height="170"/>
	<SubTexture name="narwhal.png" x="502" y="0" width="146" height="163"/>
	<SubTexture name="owl.png" x="780" y="295" width="136" height="136"/>
	<SubTexture name="panda.png" x="182" y="671" width="182" height="136"/>
	<SubTexture name="parrot.png" x="364" y="774" width="137" height="136"/>
	<SubTexture name="penguin.png" x="354" y="140" width="148" height="136"/>
	<SubTexture name="pig.png" x="353" y="476" width="152" height="136"/>
	<SubTexture name="rabbit.png" x="510" y="464" width="137" height="184"/>
	<SubTexture name="rhino.png" x="191" y="349" width="162" height="136"/>
	<SubTexture name="sloth.png" x="501" y="774" width="137" height="136"/>
	<SubTexture name="snake.png" x="775" y="753" width="136" height="150"/>
	<SubTexture name="walrus.png" x="648" y="0" width="136" height="146"/>
	<SubTexture name="whale.png" x="364" y="612" width="146" height="162"/>
	<SubTexture name="zebra.png" x="777" y="146" width="136" height="149"/>
</TextureAtlas>