<TextureAtlas imagePath="square.png">
	<SubTexture name="bear.png" x="186" y="162" width="162" height="128"/>
	<SubTexture name="buffalo.png" x="0" y="290" width="184" height="154"/>
	<SubTexture name="chick.png" x="626" y="577" width="128" height="128"/>
	<SubTexture name="chicken.png" x="625" y="271" width="128" height="145"/>
	<SubTexture name="cow.png" x="0" y="162" width="186" height="128"/>
	<SubTexture name="crocodile.png" x="687" y="0" width="128" height="128"/>
	<SubTexture name="dog.png" x="751" y="416" width="128" height="161"/>
	<SubTexture name="duck.png" x="559" y="0" width="128" height="128"/>
	<SubTexture name="elephant.png" x="0" y="615" width="184" height="138"/>
	<SubTexture name="frog.png" x="348" y="161" width="138" height="128"/>
	<SubTexture name="giraffe.png" x="268" y="0" width="162" height="161"/>
	<SubTexture name="goat.png" x="0" y="444" width="184" height="171"/>
	<SubTexture name="gorilla.png" x="354" y="289" width="128" height="128"/>
	<SubTexture name="hippo.png" x="184" y="418" width="166" height="128"/>
	<SubTexture name="horse.png" x="615" y="128" width="128" height="143"/>
	<SubTexture name="monkey.png" x="178" y="753" width="174" height="128"/>
	<SubTexture name="moose.png" x="0" y="0" width="268" height="162"/>
	<SubTexture name="narwhal.png" x="352" y="703" width="146" height="145"/>
	<SubTexture name="owl.png" x="495" y="546" width="128" height="128"/>
	<SubTexture name="panda.png" x="0" y="753" width="178" height="128"/>
	<SubTexture name="parrot.png" x="623" y="449" width="128" height="128"/>
	<SubTexture name="penguin.png" x="350" y="418" width="147" height="128"/>
	<SubTexture name="pig.png" x="184" y="290" width="170" height="128"/>
	<SubTexture name="rabbit.png" x="497" y="273" width="128" height="176"/>
	<SubTexture name="rhino.png" x="184" y="546" width="163" height="128"/>
	<SubTexture name="sloth.png" x="498" y="674" width="128" height="128"/>
	<SubTexture name="snake.png" x="430" y="0" width="129" height="139"/>
	<SubTexture name="walrus.png" x="486" y="139" width="129" height="134"/>
	<SubTexture name="whale.png" x="347" y="546" width="148" height="157"/>
	<SubTexture name="zebra.png" x="626" y="705" width="128" height="145"/>
</TextureAtlas>