<TextureAtlas imagePath="sheet.png">
	<SubTexture name="elementGlass000.png" x="500" y="860" width="70" height="70"/>
	<SubTexture name="elementGlass001.png" x="500" y="70" width="140" height="70"/>
	<SubTexture name="elementGlass002.png" x="710" y="710" width="70" height="70"/>
	<SubTexture name="elementGlass003.png" x="710" y="640" width="70" height="70"/>
	<SubTexture name="elementGlass004.png" x="500" y="210" width="140" height="70"/>
	<SubTexture name="elementGlass005.png" x="710" y="500" width="70" height="70"/>
	<SubTexture name="elementGlass006.png" x="710" y="430" width="70" height="70"/>
	<SubTexture name="elementGlass007.png" x="500" y="350" width="140" height="70"/>
	<SubTexture name="elementGlass008.png" x="710" y="140" width="70" height="70"/>
	<SubTexture name="elementGlass009.png" x="640" y="930" width="70" height="70"/>
	<SubTexture name="elementGlass010.png" x="220" y="930" width="140" height="70"/>
	<SubTexture name="elementGlass011.png" x="640" y="860" width="70" height="70"/>
	<SubTexture name="elementGlass012.png" x="640" y="790" width="70" height="70"/>
	<SubTexture name="elementGlass013.png" x="440" y="0" width="140" height="70"/>
	<SubTexture name="elementGlass014.png" x="0" y="140" width="220" height="70"/>
	<SubTexture name="elementGlass015.png" x="640" y="360" width="70" height="70"/>
	<SubTexture name="elementGlass016.png" x="500" y="280" width="140" height="70"/>
	<SubTexture name="elementGlass017.png" x="0" y="490" width="220" height="70"/>
	<SubTexture name="elementGlass018.png" x="780" y="0" width="70" height="140"/>
	<SubTexture name="elementGlass019.png" x="360" y="510" width="140" height="140"/>
	<SubTexture name="elementGlass020.png" x="0" y="0" width="220" height="140"/>
	<SubTexture name="elementGlass021.png" x="710" y="210" width="70" height="220"/>
	<SubTexture name="elementGlass022.png" x="500" y="420" width="140" height="220"/>
	<SubTexture name="elementGlass023.png" x="710" y="0" width="70" height="140"/>
	<SubTexture name="elementGlass024.png" x="360" y="790" width="140" height="140"/>
	<SubTexture name="elementGlass025.png" x="0" y="350" width="220" height="140"/>
	<SubTexture name="elementGlass026.png" x="500" y="640" width="70" height="220"/>
	<SubTexture name="elementGlass027.png" x="360" y="290" width="140" height="220"/>
	<SubTexture name="elementGlass028.png" x="570" y="640" width="70" height="70"/>
	<SubTexture name="elementGlass029.png" x="500" y="140" width="140" height="70"/>
	<SubTexture name="elementGlass030.png" x="0" y="910" width="220" height="70"/>
	<SubTexture name="elementGlass031.png" x="570" y="710" width="70" height="70"/>
	<SubTexture name="elementGlass032.png" x="360" y="930" width="140" height="70"/>
	<SubTexture name="elementGlass033.png" x="220" y="0" width="220" height="70"/>
	<SubTexture name="elementGlass034.png" x="640" y="650" width="70" height="140"/>
	<SubTexture name="elementGlass035.png" x="360" y="650" width="140" height="140"/>
	<SubTexture name="elementGlass036.png" x="0" y="770" width="220" height="140"/>
	<SubTexture name="elementGlass037.png" x="710" y="780" width="70" height="220"/>
	<SubTexture name="elementGlass038.png" x="360" y="70" width="140" height="220"/>
	<SubTexture name="elementGlass039.png" x="570" y="850" width="70" height="140"/>
	<SubTexture name="elementGlass040.png" x="220" y="720" width="140" height="140"/>
	<SubTexture name="elementGlass041.png" x="0" y="630" width="220" height="140"/>
	<SubTexture name="elementGlass042.png" x="640" y="140" width="70" height="220"/>
	<SubTexture name="elementGlass043.png" x="220" y="140" width="140" height="220"/>
	<SubTexture name="elementGlass044.png" x="500" y="930" width="70" height="70"/>
	<SubTexture name="elementGlass045.png" x="220" y="860" width="140" height="70"/>
	<SubTexture name="elementGlass046.png" x="570" y="780" width="70" height="70"/>
	<SubTexture name="elementGlass047.png" x="710" y="570" width="70" height="70"/>
	<SubTexture name="elementGlass048.png" x="220" y="70" width="140" height="70"/>
	<SubTexture name="elementGlass049.png" x="0" y="560" width="220" height="70"/>
	<SubTexture name="elementGlass050.png" x="640" y="0" width="70" height="140"/>
	<SubTexture name="elementGlass051.png" x="220" y="360" width="140" height="140"/>
	<SubTexture name="elementGlass052.png" x="0" y="210" width="220" height="140"/>
	<SubTexture name="elementGlass053.png" x="640" y="430" width="70" height="220"/>
	<SubTexture name="elementGlass054.png" x="220" y="500" width="140" height="220"/>
</TextureAtlas>