<TextureAtlas imagePath="sheet.png">
	<SubTexture name="elementMetal000.png" x="360" y="790" width="140" height="70"/>
	<SubTexture name="elementMetal001.png" x="500" y="640" width="70" height="70"/>
	<SubTexture name="elementMetal002.png" x="780" y="0" width="70" height="70"/>
	<SubTexture name="elementMetal003.png" x="220" y="930" width="140" height="70"/>
	<SubTexture name="elementMetal004.png" x="780" y="70" width="70" height="70"/>
	<SubTexture name="elementMetal005.png" x="710" y="930" width="70" height="70"/>
	<SubTexture name="elementMetal006.png" x="220" y="350" width="140" height="70"/>
	<SubTexture name="elementMetal007.png" x="710" y="860" width="70" height="70"/>
	<SubTexture name="elementMetal008.png" x="710" y="790" width="70" height="70"/>
	<SubTexture name="elementMetal009.png" x="220" y="280" width="140" height="70"/>
	<SubTexture name="elementMetal010.png" x="710" y="650" width="70" height="70"/>
	<SubTexture name="elementMetal011.png" x="710" y="580" width="70" height="70"/>
	<SubTexture name="elementMetal012.png" x="360" y="70" width="140" height="70"/>
	<SubTexture name="elementMetal013.png" x="0" y="140" width="220" height="70"/>
	<SubTexture name="elementMetal014.png" x="710" y="220" width="70" height="70"/>
	<SubTexture name="elementMetal015.png" x="500" y="570" width="140" height="70"/>
	<SubTexture name="elementMetal016.png" x="0" y="350" width="220" height="70"/>
	<SubTexture name="elementMetal017.png" x="640" y="650" width="70" height="140"/>
	<SubTexture name="elementMetal018.png" x="500" y="0" width="140" height="140"/>
	<SubTexture name="elementMetal019.png" x="0" y="700" width="220" height="140"/>
	<SubTexture name="elementMetal020.png" x="640" y="220" width="70" height="220"/>
	<SubTexture name="elementMetal021.png" x="500" y="140" width="140" height="220"/>
	<SubTexture name="elementMetal022.png" x="570" y="850" width="70" height="140"/>
	<SubTexture name="elementMetal023.png" x="500" y="430" width="140" height="140"/>
	<SubTexture name="elementMetal024.png" x="0" y="210" width="220" height="140"/>
	<SubTexture name="elementMetal025.png" x="710" y="360" width="70" height="220"/>
	<SubTexture name="elementMetal026.png" x="360" y="280" width="140" height="220"/>
	<SubTexture name="elementMetal027.png" x="640" y="580" width="70" height="70"/>
	<SubTexture name="elementMetal028.png" x="360" y="720" width="140" height="70"/>
	<SubTexture name="elementMetal029.png" x="220" y="0" width="220" height="70"/>
	<SubTexture name="elementMetal030.png" x="710" y="720" width="70" height="70"/>
	<SubTexture name="elementMetal031.png" x="500" y="360" width="140" height="70"/>
	<SubTexture name="elementMetal032.png" x="0" y="910" width="220" height="70"/>
	<SubTexture name="elementMetal033.png" x="570" y="710" width="70" height="140"/>
	<SubTexture name="elementMetal034.png" x="360" y="860" width="140" height="140"/>
	<SubTexture name="elementMetal035.png" x="0" y="0" width="220" height="140"/>
	<SubTexture name="elementMetal036.png" x="640" y="0" width="70" height="220"/>
	<SubTexture name="elementMetal037.png" x="360" y="500" width="140" height="220"/>
	<SubTexture name="elementMetal038.png" x="500" y="850" width="70" height="140"/>
	<SubTexture name="elementMetal039.png" x="360" y="140" width="140" height="140"/>
	<SubTexture name="elementMetal040.png" x="0" y="560" width="220" height="140"/>
	<SubTexture name="elementMetal041.png" x="710" y="0" width="70" height="220"/>
	<SubTexture name="elementMetal042.png" x="220" y="710" width="140" height="220"/>
	<SubTexture name="elementMetal043.png" x="500" y="710" width="70" height="70"/>
	<SubTexture name="elementMetal044.png" x="220" y="420" width="140" height="70"/>
	<SubTexture name="elementMetal045.png" x="500" y="780" width="70" height="70"/>
	<SubTexture name="elementMetal046.png" x="780" y="196" width="56" height="61"/>
	<SubTexture name="elementMetal047.png" x="780" y="140" width="64" height="56"/>
	<SubTexture name="elementMetal048.png" x="440" y="0" width="58" height="53"/>
	<SubTexture name="elementMetal049.png" x="570" y="640" width="70" height="70"/>
	<SubTexture name="elementMetal050.png" x="220" y="210" width="140" height="70"/>
	<SubTexture name="elementMetal051.png" x="0" y="840" width="220" height="70"/>
	<SubTexture name="elementMetal052.png" x="640" y="440" width="70" height="140"/>
	<SubTexture name="elementMetal053.png" x="220" y="70" width="140" height="140"/>
	<SubTexture name="elementMetal054.png" x="0" y="420" width="220" height="140"/>
	<SubTexture name="elementMetal055.png" x="640" y="790" width="70" height="220"/>
	<SubTexture name="elementMetal056.png" x="220" y="490" width="140" height="220"/>
	<SubTexture name="elementMetal057.png" x="710" y="290" width="70" height="70"/>
</TextureAtlas>