<TextureAtlas imagePath="sheet.png">
	<SubTexture name="elementExplosive000.png" x="500" y="490" width="140" height="70"/>
	<SubTexture name="elementExplosive001.png" x="780" y="70" width="70" height="70"/>
	<SubTexture name="elementExplosive002.png" x="780" y="0" width="70" height="70"/>
	<SubTexture name="elementExplosive003.png" x="360" y="870" width="140" height="70"/>
	<SubTexture name="elementExplosive004.png" x="710" y="870" width="70" height="70"/>
	<SubTexture name="elementExplosive005.png" x="710" y="940" width="70" height="70"/>
	<SubTexture name="elementExplosive006.png" x="360" y="940" width="140" height="70"/>
	<SubTexture name="elementExplosive007.png" x="710" y="800" width="70" height="70"/>
	<SubTexture name="elementExplosive008.png" x="710" y="730" width="70" height="70"/>
	<SubTexture name="elementExplosive009.png" x="500" y="280" width="140" height="70"/>
	<SubTexture name="elementExplosive010.png" x="710" y="440" width="70" height="70"/>
	<SubTexture name="elementExplosive011.png" x="640" y="920" width="70" height="70"/>
	<SubTexture name="elementExplosive012.png" x="360" y="510" width="140" height="70"/>
	<SubTexture name="elementExplosive013.png" x="0" y="140" width="220" height="70"/>
	<SubTexture name="elementExplosive014.png" x="640" y="850" width="70" height="70"/>
	<SubTexture name="elementExplosive015.png" x="500" y="560" width="140" height="70"/>
	<SubTexture name="elementExplosive016.png" x="0" y="490" width="220" height="70"/>
	<SubTexture name="elementExplosive017.png" x="640" y="500" width="70" height="140"/>
	<SubTexture name="elementExplosive018.png" x="500" y="350" width="140" height="140"/>
	<SubTexture name="elementExplosive019.png" x="0" y="700" width="220" height="140"/>
	<SubTexture name="elementExplosive020.png" x="710" y="510" width="70" height="220"/>
	<SubTexture name="elementExplosive021.png" x="360" y="70" width="140" height="220"/>
	<SubTexture name="elementExplosive022.png" x="640" y="0" width="70" height="140"/>
	<SubTexture name="elementExplosive023.png" x="500" y="140" width="140" height="140"/>
	<SubTexture name="elementExplosive024.png" x="0" y="840" width="220" height="140"/>
	<SubTexture name="elementExplosive025.png" x="710" y="220" width="70" height="220"/>
	<SubTexture name="elementExplosive026.png" x="360" y="290" width="140" height="220"/>
	<SubTexture name="elementExplosive027.png" x="570" y="770" width="70" height="70"/>
	<SubTexture name="elementExplosive028.png" x="220" y="570" width="140" height="70"/>
	<SubTexture name="elementExplosive029.png" x="0" y="0" width="220" height="70"/>
	<SubTexture name="elementExplosive030.png" x="570" y="840" width="70" height="70"/>
	<SubTexture name="elementExplosive031.png" x="360" y="800" width="140" height="70"/>
	<SubTexture name="elementExplosive032.png" x="220" y="0" width="220" height="70"/>
	<SubTexture name="elementExplosive033.png" x="500" y="850" width="70" height="140"/>
	<SubTexture name="elementExplosive034.png" x="500" y="0" width="140" height="140"/>
	<SubTexture name="elementExplosive035.png" x="0" y="560" width="220" height="140"/>
	<SubTexture name="elementExplosive036.png" x="500" y="630" width="70" height="220"/>
	<SubTexture name="elementExplosive037.png" x="360" y="580" width="140" height="220"/>
	<SubTexture name="elementExplosive038.png" x="570" y="630" width="70" height="140"/>
	<SubTexture name="elementExplosive039.png" x="220" y="860" width="140" height="140"/>
	<SubTexture name="elementExplosive040.png" x="0" y="350" width="220" height="140"/>
	<SubTexture name="elementExplosive041.png" x="640" y="140" width="70" height="220"/>
	<SubTexture name="elementExplosive042.png" x="220" y="640" width="140" height="220"/>
	<SubTexture name="elementExplosive043.png" x="570" y="910" width="70" height="70"/>
	<SubTexture name="elementExplosive044.png" x="220" y="500" width="140" height="70"/>
	<SubTexture name="elementExplosive045.png" x="640" y="780" width="70" height="70"/>
	<SubTexture name="elementExplosive046.png" x="780" y="196" width="56" height="61"/>
	<SubTexture name="elementExplosive047.png" x="780" y="140" width="64" height="56"/>
	<SubTexture name="elementExplosive048.png" x="440" y="0" width="58" height="53"/>
	<SubTexture name="elementExplosive049.png" x="640" y="360" width="70" height="70"/>
	<SubTexture name="elementExplosive050.png" x="220" y="430" width="140" height="70"/>
	<SubTexture name="elementExplosive051.png" x="0" y="70" width="220" height="70"/>
	<SubTexture name="elementExplosive052.png" x="640" y="640" width="70" height="140"/>
	<SubTexture name="elementExplosive053.png" x="220" y="290" width="140" height="140"/>
	<SubTexture name="elementExplosive054.png" x="0" y="210" width="220" height="140"/>
	<SubTexture name="elementExplosive055.png" x="710" y="0" width="70" height="220"/>
	<SubTexture name="elementExplosive056.png" x="220" y="70" width="140" height="220"/>
	<SubTexture name="elementExplosive057.png" x="640" y="430" width="70" height="70"/>
</TextureAtlas>