<TextureAtlas imagePath="sheet.png">
	<SubTexture name="elementStone000.png" x="220" y="720" width="140" height="70"/>
	<SubTexture name="elementStone001.png" x="570" y="640" width="70" height="70"/>
	<SubTexture name="elementStone002.png" x="710" y="930" width="70" height="70"/>
	<SubTexture name="elementStone003.png" x="500" y="70" width="140" height="70"/>
	<SubTexture name="elementStone004.png" x="710" y="640" width="70" height="70"/>
	<SubTexture name="elementStone005.png" x="710" y="570" width="70" height="70"/>
	<SubTexture name="elementStone006.png" x="360" y="500" width="140" height="70"/>
	<SubTexture name="elementStone007.png" x="710" y="360" width="70" height="70"/>
	<SubTexture name="elementStone008.png" x="710" y="290" width="70" height="70"/>
	<SubTexture name="elementStone009.png" x="360" y="710" width="140" height="70"/>
	<SubTexture name="elementStone010.png" x="710" y="0" width="70" height="70"/>
	<SubTexture name="elementStone011.png" x="640" y="940" width="70" height="70"/>
	<SubTexture name="elementStone012.png" x="500" y="570" width="140" height="70"/>
	<SubTexture name="elementStone013.png" x="0" y="70" width="220" height="70"/>
	<SubTexture name="elementStone014.png" x="640" y="580" width="70" height="70"/>
	<SubTexture name="elementStone015.png" x="500" y="280" width="140" height="70"/>
	<SubTexture name="elementStone016.png" x="0" y="280" width="220" height="70"/>
	<SubTexture name="elementStone017.png" x="640" y="220" width="70" height="140"/>
	<SubTexture name="elementStone018.png" x="500" y="140" width="140" height="140"/>
	<SubTexture name="elementStone019.png" x="0" y="630" width="220" height="140"/>
	<SubTexture name="elementStone020.png" x="710" y="710" width="70" height="220"/>
	<SubTexture name="elementStone021.png" x="500" y="350" width="140" height="220"/>
	<SubTexture name="elementStone022.png" x="710" y="430" width="70" height="140"/>
	<SubTexture name="elementStone023.png" x="360" y="360" width="140" height="140"/>
	<SubTexture name="elementStone024.png" x="0" y="840" width="220" height="140"/>
	<SubTexture name="elementStone025.png" x="640" y="0" width="70" height="220"/>
	<SubTexture name="elementStone026.png" x="360" y="780" width="140" height="220"/>
	<SubTexture name="elementStone027.png" x="500" y="640" width="70" height="70"/>
	<SubTexture name="elementStone028.png" x="360" y="70" width="140" height="70"/>
	<SubTexture name="elementStone029.png" x="220" y="0" width="220" height="70"/>
	<SubTexture name="elementStone030.png" x="500" y="780" width="70" height="70"/>
	<SubTexture name="elementStone031.png" x="440" y="0" width="140" height="70"/>
	<SubTexture name="elementStone032.png" x="0" y="770" width="220" height="70"/>
	<SubTexture name="elementStone033.png" x="500" y="850" width="70" height="140"/>
	<SubTexture name="elementStone034.png" x="360" y="570" width="140" height="140"/>
	<SubTexture name="elementStone035.png" x="0" y="490" width="220" height="140"/>
	<SubTexture name="elementStone036.png" x="710" y="70" width="70" height="220"/>
	<SubTexture name="elementStone037.png" x="360" y="140" width="140" height="220"/>
	<SubTexture name="elementStone038.png" x="570" y="780" width="70" height="140"/>
	<SubTexture name="elementStone039.png" x="220" y="860" width="140" height="140"/>
	<SubTexture name="elementStone040.png" x="0" y="140" width="220" height="140"/>
	<SubTexture name="elementStone041.png" x="640" y="720" width="70" height="220"/>
	<SubTexture name="elementStone042.png" x="220" y="500" width="140" height="220"/>
	<SubTexture name="elementStone043.png" x="500" y="710" width="70" height="70"/>
	<SubTexture name="elementStone044.png" x="220" y="290" width="140" height="70"/>
	<SubTexture name="elementStone045.png" x="570" y="710" width="70" height="70"/>
	<SubTexture name="elementStone046.png" x="570" y="920" width="70" height="70"/>
	<SubTexture name="elementStone047.png" x="220" y="790" width="140" height="70"/>
	<SubTexture name="elementStone048.png" x="0" y="0" width="220" height="70"/>
	<SubTexture name="elementStone049.png" x="780" y="0" width="70" height="140"/>
	<SubTexture name="elementStone050.png" x="220" y="360" width="140" height="140"/>
	<SubTexture name="elementStone051.png" x="0" y="350" width="220" height="140"/>
	<SubTexture name="elementStone052.png" x="640" y="360" width="70" height="220"/>
	<SubTexture name="elementStone053.png" x="220" y="70" width="140" height="220"/>
	<SubTexture name="elementStone054.png" x="640" y="650" width="70" height="70"/>
</TextureAtlas>