<TextureAtlas imagePath="sheet.png">
	<SubTexture name="debrisGlass_1.png" x="0" y="0" width="64" height="56"/>
	<SubTexture name="debrisGlass_2.png" x="0" y="385" width="55" height="61"/>
	<SubTexture name="debrisGlass_3.png" x="0" y="272" width="59" height="52"/>
	<SubTexture name="debrisStone_1.png" x="0" y="112" width="64" height="56"/>
	<SubTexture name="debrisStone_2.png" x="0" y="324" width="55" height="61"/>
	<SubTexture name="debrisStone_3.png" x="0" y="220" width="59" height="52"/>
	<SubTexture name="debrisWood_1.png" x="0" y="56" width="64" height="56"/>
	<SubTexture name="debrisWood_2.png" x="0" y="446" width="55" height="61"/>
	<SubTexture name="debrisWood_3.png" x="0" y="168" width="59" height="52"/>
</TextureAtlas>