<TextureAtlas imagePath="sheet.png">
	<SubTexture name="elementWood000.png" x="570" y="640" width="70" height="70"/>
	<SubTexture name="elementWood001.png" x="710" y="930" width="70" height="70"/>
	<SubTexture name="elementWood002.png" x="500" y="70" width="140" height="70"/>
	<SubTexture name="elementWood003.png" x="710" y="640" width="70" height="70"/>
	<SubTexture name="elementWood004.png" x="710" y="570" width="70" height="70"/>
	<SubTexture name="elementWood005.png" x="360" y="500" width="140" height="70"/>
	<SubTexture name="elementWood006.png" x="710" y="360" width="70" height="70"/>
	<SubTexture name="elementWood007.png" x="710" y="290" width="70" height="70"/>
	<SubTexture name="elementWood008.png" x="360" y="710" width="140" height="70"/>
	<SubTexture name="elementWood009.png" x="710" y="0" width="70" height="70"/>
	<SubTexture name="elementWood010.png" x="640" y="940" width="70" height="70"/>
	<SubTexture name="elementWood011.png" x="500" y="570" width="140" height="70"/>
	<SubTexture name="elementWood012.png" x="0" y="70" width="220" height="70"/>
	<SubTexture name="elementWood013.png" x="640" y="580" width="70" height="70"/>
	<SubTexture name="elementWood014.png" x="500" y="280" width="140" height="70"/>
	<SubTexture name="elementWood015.png" x="0" y="280" width="220" height="70"/>
	<SubTexture name="elementWood016.png" x="640" y="220" width="70" height="140"/>
	<SubTexture name="elementWood017.png" x="500" y="140" width="140" height="140"/>
	<SubTexture name="elementWood018.png" x="0" y="630" width="220" height="140"/>
	<SubTexture name="elementWood019.png" x="710" y="710" width="70" height="220"/>
	<SubTexture name="elementWood020.png" x="500" y="350" width="140" height="220"/>
	<SubTexture name="elementWood021.png" x="710" y="430" width="70" height="140"/>
	<SubTexture name="elementWood022.png" x="360" y="360" width="140" height="140"/>
	<SubTexture name="elementWood023.png" x="0" y="840" width="220" height="140"/>
	<SubTexture name="elementWood024.png" x="640" y="0" width="70" height="220"/>
	<SubTexture name="elementWood025.png" x="360" y="780" width="140" height="220"/>
	<SubTexture name="elementWood026.png" x="500" y="640" width="70" height="70"/>
	<SubTexture name="elementWood027.png" x="360" y="70" width="140" height="70"/>
	<SubTexture name="elementWood028.png" x="220" y="0" width="220" height="70"/>
	<SubTexture name="elementWood029.png" x="500" y="780" width="70" height="70"/>
	<SubTexture name="elementWood030.png" x="440" y="0" width="140" height="70"/>
	<SubTexture name="elementWood031.png" x="0" y="770" width="220" height="70"/>
	<SubTexture name="elementWood032.png" x="500" y="850" width="70" height="140"/>
	<SubTexture name="elementWood033.png" x="360" y="570" width="140" height="140"/>
	<SubTexture name="elementWood034.png" x="0" y="490" width="220" height="140"/>
	<SubTexture name="elementWood035.png" x="710" y="70" width="70" height="220"/>
	<SubTexture name="elementWood036.png" x="360" y="140" width="140" height="220"/>
	<SubTexture name="elementWood037.png" x="570" y="780" width="70" height="140"/>
	<SubTexture name="elementWood038.png" x="220" y="860" width="140" height="140"/>
	<SubTexture name="elementWood039.png" x="0" y="140" width="220" height="140"/>
	<SubTexture name="elementWood040.png" x="640" y="720" width="70" height="220"/>
	<SubTexture name="elementWood041.png" x="220" y="500" width="140" height="220"/>
	<SubTexture name="elementWood042.png" x="500" y="710" width="70" height="70"/>
	<SubTexture name="elementWood043.png" x="220" y="290" width="140" height="70"/>
	<SubTexture name="elementWood044.png" x="570" y="710" width="70" height="70"/>
	<SubTexture name="elementWood045.png" x="570" y="920" width="70" height="70"/>
	<SubTexture name="elementWood046.png" x="220" y="790" width="140" height="70"/>
	<SubTexture name="elementWood047.png" x="0" y="0" width="220" height="70"/>
	<SubTexture name="elementWood048.png" x="780" y="0" width="70" height="140"/>
	<SubTexture name="elementWood049.png" x="220" y="360" width="140" height="140"/>
	<SubTexture name="elementWood050.png" x="0" y="350" width="220" height="140"/>
	<SubTexture name="elementWood051.png" x="640" y="360" width="70" height="220"/>
	<SubTexture name="elementWood052.png" x="220" y="70" width="140" height="220"/>
	<SubTexture name="elementWood053.png" x="640" y="650" width="70" height="70"/>
	<SubTexture name="elementWood054.png" x="220" y="720" width="140" height="70"/>
</TextureAtlas>